1;218;36661;160.88;TED;2023-03-08 23:42:24.122618
12;1832;33786;99.35;PIX;2023-03-08 23:42:24.131800
14;3153;18770;80.97;TED;2023-03-08 23:42:24.131971
15;92;50832;136.29;TED;2023-03-08 23:42:24.132097
18;1538;38914;14.16;DEPOSIT;2023-03-08 23:42:24.132384
20;14821;37158;454.97;TED;2023-03-08 23:42:24.132579
24;1528;11588;11.77;PIX;2023-03-08 23:42:24.132901
31;28346;44145;416.62;TED;2023-03-08 23:42:24.133560
33;82954;25757;284.49;TED;2023-03-08 23:42:24.133731
38;51950;19196;227.08;PIX;2023-03-08 23:42:24.134174
44;11566;10518;347.89;PIX;2023-03-08 23:42:24.134678
50;6084;58937;180.68;TED;2023-03-08 23:42:24.135156
55;41069;41832;643.49;PIX;2023-03-08 23:42:24.135624
58;2879;50111;34.11;DEPOSIT;2023-03-08 23:42:24.135874
69;20278;27014;309.56;PIX;2023-03-08 23:42:24.136785
74;34961;8682;415.62;TED;2023-03-08 23:42:24.137201
75;7993;21285;107.05;PIX;2023-03-08 23:42:24.137275
77;36083;72431;100.84;DEPOSIT;2023-03-08 23:42:24.137425
86;61068;54406;306.48;PIX;2023-03-08 23:42:24.138178
87;21302;14650;623.04;DEPOSIT;2023-03-08 23:42:24.138256
88;51208;39433;39.42;PIX;2023-03-08 23:42:24.138346
95;1538;688;585.04;DEPOSIT;2023-03-08 23:42:24.138907
96;24985;21310;580.84;DEPOSIT;2023-03-08 23:42:24.138981
97;11674;35558;42.19;DEPOSIT;2023-03-08 23:42:24.139054
100;42574;88175;240.31;PIX;2023-03-08 23:42:24.139310
101;37717;212;858.46;DEPOSIT;2023-03-08 23:42:24.139398
102;68621;83520;229.32;DEPOSIT;2023-03-08 23:42:24.139473
106;4012;65142;53.6;TED;2023-03-08 23:42:24.139767
108;2914;877;102.42;DEPOSIT;2023-03-08 23:42:24.139914
114;15411;4494;16.81;DEPOSIT;2023-03-08 23:42:24.141170
124;2879;873;549.29;DEPOSIT;2023-03-08 23:42:24.141934
125;79483;6234;108.93;DEPOSIT;2023-03-08 23:42:24.142008
126;1742;54937;1.08;PIX;2023-03-08 23:42:24.142083
129;78864;5819;225.86;DEPOSIT;2023-03-08 23:42:24.142304
139;1189;68250;48.39;DEPOSIT;2023-03-08 23:42:24.143040
142;69894;1502;694.03;TED;2023-03-08 23:42:24.143259
146;1671;60879;349.17;TED;2023-03-08 23:42:24.143550
167;2361;21967;19.44;DEPOSIT;2023-03-08 23:42:24.144979
172;23658;10841;228.25;DEPOSIT;2023-03-08 23:42:24.145353
176;64697;10803;342.3;PIX;2023-03-08 23:42:24.145609
178;29764;1873;379.5;DEPOSIT;2023-03-08 23:42:24.145733
182;5493;11707;399.36;PIX;2023-03-08 23:42:24.145984
185;57577;37815;857.06;TED;2023-03-08 23:42:24.146177
186;49846;3322;266.16;PIX;2023-03-08 23:42:24.146236
187;435;23552;198.12;TED;2023-03-08 23:42:24.146295
188;827;53145;237.4;DEPOSIT;2023-03-08 23:42:24.146354
196;30738;32722;368.04;TED;2023-03-08 23:42:24.146830
206;10050;996;46.34;DEPOSIT;2023-03-08 23:42:24.147430
210;2424;2110;79.09;PIX;2023-03-08 23:42:24.147670
215;6386;43238;280.11;DEPOSIT;2023-03-08 23:42:24.147964
216;465;5931;173.77;DEPOSIT;2023-03-08 23:42:24.148044
222;61609;4446;29.6;TED;2023-03-08 23:42:24.148406
241;19861;71515;177.8;TED;2023-03-08 23:42:24.149534
251;78954;1759;398.89;TED;2023-03-08 23:42:24.150128
254;6049;40511;192.72;TED;2023-03-08 23:42:24.150306
258;19961;2823;336.41;PIX;2023-03-08 23:42:24.150545
259;18516;6949;105.11;TED;2023-03-08 23:42:24.150603
262;40057;16661;81.49;DEPOSIT;2023-03-08 23:42:24.150779
289;11430;26990;143.46;DEPOSIT;2023-03-08 23:42:24.152510
293;41867;44208;790.34;PIX;2023-03-08 23:42:24.152808
294;19466;42699;90.98;TED;2023-03-08 23:42:24.152882
297;11357;22039;475.41;DEPOSIT;2023-03-08 23:42:24.153105
313;29376;71791;188.8;TED;2023-03-08 23:42:24.154298
315;71419;22400;320.86;PIX;2023-03-08 23:42:24.154450
319;35788;16616;410.36;DEPOSIT;2023-03-08 23:42:24.154753
324;2347;9060;68.49;PIX;2023-03-08 23:42:24.155147
328;30853;931;65.53;PIX;2023-03-08 23:42:24.155456
336;64576;5821;71.31;PIX;2023-03-08 23:42:24.156062
340;20517;2820;317.51;PIX;2023-03-08 23:42:24.156355
344;76785;31815;436.7;PIX;2023-03-08 23:42:24.156649
345;71365;3546;382.0;DEPOSIT;2023-03-08 23:42:24.156723
347;48499;63536;140.45;DEPOSIT;2023-03-08 23:42:24.156871
355;25787;17451;338.74;TED;2023-03-08 23:42:24.157496
364;67734;22265;177.1;PIX;2023-03-08 23:42:24.158157
371;16828;6742;620.17;PIX;2023-03-08 23:42:24.158672
375;817;12360;214.16;TED;2023-03-08 23:42:24.158964
377;41015;2649;431.05;TED;2023-03-08 23:42:24.159108
381;72283;15588;530.71;DEPOSIT;2023-03-08 23:42:24.159392
382;38840;8227;266.88;TED;2023-03-08 23:42:24.159464
383;4023;27593;589.91;TED;2023-03-08 23:42:24.159538
384;10406;16936;507.63;DEPOSIT;2023-03-08 23:42:24.159612
385;10744;6999;97.86;DEPOSIT;2023-03-08 23:42:24.159686
400;27839;18096;362.68;DEPOSIT;2023-03-08 23:42:24.160531
406;979;10819;57.86;DEPOSIT;2023-03-08 23:42:24.160776
416;7492;80426;19.65;DEPOSIT;2023-03-08 23:42:24.161181
418;24543;13012;609.52;TED;2023-03-08 23:42:24.161258
419;18610;49072;160.76;TED;2023-03-08 23:42:24.161296
421;18301;66001;479.27;PIX;2023-03-08 23:42:24.161373
424;4042;25448;451.35;TED;2023-03-08 23:42:24.161487
432;24879;1104;327.45;DEPOSIT;2023-03-08 23:42:24.161839
436;15178;383;64.79;PIX;2023-03-08 23:42:24.162023
439;43658;50532;129.87;TED;2023-03-08 23:42:24.162138
444;32146;2798;142.47;PIX;2023-03-08 23:42:24.162328
453;12097;4936;321.79;TED;2023-03-08 23:42:24.162689
455;8267;8889;552.69;PIX;2023-03-08 23:42:24.162765
460;40403;6138;91.18;DEPOSIT;2023-03-08 23:42:24.162954
469;60064;63379;602.63;TED;2023-03-08 23:42:24.163303
471;57964;26106;87.16;DEPOSIT;2023-03-08 23:42:24.163380
482;40319;16852;601.15;TED;2023-03-08 23:42:24.163800
498;74092;15555;97.53;DEPOSIT;2023-03-08 23:42:24.164461
506;20850;73129;386.7;DEPOSIT;2023-03-08 23:42:24.164815
514;4863;67;244.02;TED;2023-03-08 23:42:24.165176
527;13914;9078;31.81;TED;2023-03-08 23:42:24.165697
535;16912;24464;49.88;TED;2023-03-08 23:42:24.166007
536;2203;79230;492.13;TED;2023-03-08 23:42:24.166044
544;25993;35221;137.68;TED;2023-03-08 23:42:24.166362
545;11174;39504;507.64;DEPOSIT;2023-03-08 23:42:24.166400
546;20117;39836;152.32;TED;2023-03-08 23:42:24.166437
547;2686;22253;14.46;DEPOSIT;2023-03-08 23:42:24.166474
551;6462;20490;779.04;TED;2023-03-08 23:42:24.166641
555;3285;20847;280.09;TED;2023-03-08 23:42:24.166796
556;2275;6145;519.96;TED;2023-03-08 23:42:24.166834
558;979;55862;42.48;PIX;2023-03-08 23:42:24.166916
562;29661;27893;454.83;TED;2023-03-08 23:42:24.167064
568;2978;25624;680.82;TED;2023-03-08 23:42:24.167297
573;38048;12715;7.89;TED;2023-03-08 23:42:24.167490
578;13523;17371;27.86;DEPOSIT;2023-03-08 23:42:24.167674
579;15045;20463;192.91;TED;2023-03-08 23:42:24.167711
586;2582;1136;90.15;DEPOSIT;2023-03-08 23:42:24.167979
590;9241;4094;35.18;TED;2023-03-08 23:42:24.168127
596;1289;5201;142.73;DEPOSIT;2023-03-08 23:42:24.168360
611;73653;4546;102.4;DEPOSIT;2023-03-08 23:42:24.168922
612;40832;11037;297.08;DEPOSIT;2023-03-08 23:42:24.168959
614;25406;11223;476.94;TED;2023-03-08 23:42:24.169033
619;60380;88655;127.47;PIX;2023-03-08 23:42:24.169224
622;38226;5549;40.66;PIX;2023-03-08 23:42:24.169352
623;8136;9692;289.18;TED;2023-03-08 23:42:24.169396
624;676;6386;98.3;PIX;2023-03-08 23:42:24.169440
629;41729;38692;302.31;TED;2023-03-08 23:42:24.169626
639;16484;8182;68.9;TED;2023-03-08 23:42:24.169998
642;34688;72873;21.33;DEPOSIT;2023-03-08 23:42:24.170109
646;81387;5680;293.05;TED;2023-03-08 23:42:24.170277
648;25333;55864;776.8;DEPOSIT;2023-03-08 23:42:24.170350
654;402;23493;402.38;TED;2023-03-08 23:42:24.170571
664;18381;3185;106.77;TED;2023-03-08 23:42:24.170937
668;17144;4901;254.94;PIX;2023-03-08 23:42:24.171084
671;23483;52541;134.29;TED;2023-03-08 23:42:24.171193
674;2932;35446;88.47;DEPOSIT;2023-03-08 23:42:24.171310
688;21871;4118;429.34;DEPOSIT;2023-03-08 23:42:24.171835
696;48658;28707;408.85;PIX;2023-03-08 23:42:24.172122
698;6849;10348;156.06;TED;2023-03-08 23:42:24.172192
699;35215;12085;578.59;TED;2023-03-08 23:42:24.172229
700;23840;13024;277.25;TED;2023-03-08 23:42:24.172266
704;45272;11616;35.04;DEPOSIT;2023-03-08 23:42:24.172406
706;5898;31874;1.69;DEPOSIT;2023-03-08 23:42:24.172479
709;2341;45320;384.71;DEPOSIT;2023-03-08 23:42:24.172584
710;1360;30827;132.01;TED;2023-03-08 23:42:24.172618
712;13246;42125;14.39;TED;2023-03-08 23:42:24.172694
714;21819;55213;560.55;DEPOSIT;2023-03-08 23:42:24.172765
717;13995;44855;71.28;PIX;2023-03-08 23:42:24.172872
718;15947;63873;261.11;PIX;2023-03-08 23:42:24.172907
719;18897;1064;90.09;TED;2023-03-08 23:42:24.172942
720;20748;432;554.92;DEPOSIT;2023-03-08 23:42:24.172978
723;9138;2883;463.38;TED;2023-03-08 23:42:24.173090
730;40373;22308;664.08;TED;2023-03-08 23:42:24.173338
731;50676;37799;55.06;PIX;2023-03-08 23:42:24.173373
732;43070;28602;126.46;PIX;2023-03-08 23:42:24.173408
733;3798;25415;42.43;PIX;2023-03-08 23:42:24.173443
750;981;3223;131.24;DEPOSIT;2023-03-08 23:42:24.174079
757;50204;14090;265.0;PIX;2023-03-08 23:42:24.174337
758;536;89;336.6;DEPOSIT;2023-03-08 23:42:24.174373
765;63279;10300;30.91;TED;2023-03-08 23:42:24.174635
767;3045;539;38.01;DEPOSIT;2023-03-08 23:42:24.174706
778;4376;13967;278.59;TED;2023-03-08 23:42:24.175103
785;15225;50465;69.98;DEPOSIT;2023-03-08 23:42:24.175360
788;3513;6710;75.29;PIX;2023-03-08 23:42:24.175465
803;18325;9293;24.3;PIX;2023-03-08 23:42:24.176073
805;10377;59410;575.76;DEPOSIT;2023-03-08 23:42:24.176145
807;24821;62280;442.32;TED;2023-03-08 23:42:24.176217
809;1646;2200;19.06;DEPOSIT;2023-03-08 23:42:24.176288
812;72628;14352;53.02;DEPOSIT;2023-03-08 23:42:24.176396
814;56866;1025;111.26;DEPOSIT;2023-03-08 23:42:24.176467
822;4416;2658;615.34;DEPOSIT;2023-03-08 23:42:24.176759
825;36378;2321;168.21;TED;2023-03-08 23:42:24.176869
827;58950;22079;159.4;PIX;2023-03-08 23:42:24.176940
850;2418;22161;236.34;PIX;2023-03-08 23:42:24.177781
860;23533;28165;252.44;TED;2023-03-08 23:42:24.178144
861;7206;20513;30.52;PIX;2023-03-08 23:42:24.178179
863;3807;10299;858.31;TED;2023-03-08 23:42:24.178250
885;4661;31809;23.99;PIX;2023-03-08 23:42:24.179028
891;3150;159;186.52;TED;2023-03-08 23:42:24.179236
902;35509;27424;48.63;PIX;2023-03-08 23:42:24.179626
903;43536;3783;909.57;DEPOSIT;2023-03-08 23:42:24.179666
912;12962;3387;348.91;DEPOSIT;2023-03-08 23:42:24.180095
913;49418;2384;156.85;PIX;2023-03-08 23:42:24.180140
916;13156;39367;121.76;DEPOSIT;2023-03-08 23:42:24.180277
918;52263;25481;522.27;PIX;2023-03-08 23:42:24.180362
923;8798;6036;26.25;PIX;2023-03-08 23:42:24.180582
929;36418;3961;26.6;TED;2023-03-08 23:42:24.180838
940;6213;29014;511.87;DEPOSIT;2023-03-08 23:42:24.181324
946;11659;77405;193.75;TED;2023-03-08 23:42:24.181581
956;15058;79820;89.45;DEPOSIT;2023-03-08 23:42:24.182032
968;47443;13805;51.11;DEPOSIT;2023-03-08 23:42:24.182567
969;37378;29027;531.53;PIX;2023-03-08 23:42:24.182609
970;2882;7877;323.77;PIX;2023-03-08 23:42:24.182655
981;28344;2171;478.34;PIX;2023-03-08 23:42:24.183137
982;18184;67809;265.93;TED;2023-03-08 23:42:24.183180
987;71815;3617;478.63;PIX;2023-03-08 23:42:24.183405
994;13529;1757;69.41;PIX;2023-03-08 23:42:24.183723
998;30820;45250;949.43;PIX;2023-03-08 23:42:24.183900
8;39132;22938;210.63;PIX;2023-03-09 23:42:24.131448
26;28337;2672;327.29;DEPOSIT;2023-03-09 23:42:24.133120
27;5125;15439;46.89;DEPOSIT;2023-03-09 23:42:24.133215
34;21329;13947;743.31;DEPOSIT;2023-03-09 23:42:24.133825
40;47793;25572;46.67;PIX;2023-03-09 23:42:24.134342
43;69309;73832;302.06;PIX;2023-03-09 23:42:24.134592
49;25888;1517;401.78;PIX;2023-03-09 23:42:24.135076
54;17305;4373;85.94;TED;2023-03-09 23:42:24.135543
56;12221;11311;10.03;DEPOSIT;2023-03-09 23:42:24.135717
57;36970;1049;153.39;DEPOSIT;2023-03-09 23:42:24.135796
60;48377;58916;353.27;PIX;2023-03-09 23:42:24.136027
66;7237;2416;202.66;DEPOSIT;2023-03-09 23:42:24.136543
70;18504;40187;732.15;TED;2023-03-09 23:42:24.136873
71;20090;22720;27.26;DEPOSIT;2023-03-09 23:42:24.136961
81;28850;16359;178.94;PIX;2023-03-09 23:42:24.137742
84;2657;30612;74.08;PIX;2023-03-09 23:42:24.137992
91;44031;1767;7.3;TED;2023-03-09 23:42:24.138597
118;12101;1769;80.6;PIX;2023-03-09 23:42:24.141468
120;15799;1959;106.75;PIX;2023-03-09 23:42:24.141615
122;38221;3596;701.62;DEPOSIT;2023-03-09 23:42:24.141781
134;18169;3148;144.32;TED;2023-03-09 23:42:24.142672
137;15027;28245;303.15;PIX;2023-03-09 23:42:24.142893
138;29936;39330;48.63;DEPOSIT;2023-03-09 23:42:24.142966
144;3216;22865;1.61;PIX;2023-03-09 23:42:24.143405
148;29992;19037;148.65;TED;2023-03-09 23:42:24.143695
154;1767;22496;106.76;DEPOSIT;2023-03-09 23:42:24.144139
157;178;84370;176.54;DEPOSIT;2023-03-09 23:42:24.144335
161;15601;208;296.13;PIX;2023-03-09 23:42:24.144596
162;47816;22676;177.46;PIX;2023-03-09 23:42:24.144660
169;32834;40233;144.31;PIX;2023-03-09 23:42:24.145140
175;706;25951;104.56;PIX;2023-03-09 23:42:24.145546
183;10268;4639;100.92;TED;2023-03-09 23:42:24.146046
189;29674;58758;44.42;PIX;2023-03-09 23:42:24.146414
194;1057;3621;360.41;PIX;2023-03-09 23:42:24.146709
199;18419;12498;196.38;DEPOSIT;2023-03-09 23:42:24.147010
218;72842;7002;306.58;DEPOSIT;2023-03-09 23:42:24.148167
235;43395;3598;285.76;TED;2023-03-09 23:42:24.149177
236;23944;7544;298.19;PIX;2023-03-09 23:42:24.149237
239;75787;3549;720.33;PIX;2023-03-09 23:42:24.149415
242;13372;17709;70.73;TED;2023-03-09 23:42:24.149594
243;32975;3496;516.66;TED;2023-03-09 23:42:24.149654
244;9771;284;13.33;PIX;2023-03-09 23:42:24.149712
250;1691;19550;876.88;DEPOSIT;2023-03-09 23:42:24.150069
261;30983;37864;94.28;TED;2023-03-09 23:42:24.150720
264;84261;27128;223.43;TED;2023-03-09 23:42:24.150898
267;17098;86171;2.93;PIX;2023-03-09 23:42:24.151076
273;13190;45827;122.9;PIX;2023-03-09 23:42:24.151438
287;34017;32350;12.73;TED;2023-03-09 23:42:24.152360
290;15479;14804;28.2;PIX;2023-03-09 23:42:24.152585
299;16806;5563;853.18;TED;2023-03-09 23:42:24.153257
304;2785;8029;167.95;DEPOSIT;2023-03-09 23:42:24.153626
307;6152;47693;693.03;PIX;2023-03-09 23:42:24.153847
312;1796;17637;92.79;PIX;2023-03-09 23:42:24.154222
314;12548;53735;663.71;TED;2023-03-09 23:42:24.154374
317;58514;26493;4.02;PIX;2023-03-09 23:42:24.154602
318;4538;58274;527.57;TED;2023-03-09 23:42:24.154677
323;32668;28090;63.2;PIX;2023-03-09 23:42:24.155071
325;13301;29437;655.1;PIX;2023-03-09 23:42:24.155228
330;5607;20968;404.66;TED;2023-03-09 23:42:24.155605
334;5966;4775;137.86;PIX;2023-03-09 23:42:24.155905
337;12518;15496;267.53;PIX;2023-03-09 23:42:24.156135
339;71901;1;662.46;DEPOSIT;2023-03-09 23:42:24.156281
348;25453;14281;270.56;TED;2023-03-09 23:42:24.156945
356;990;25871;279.93;PIX;2023-03-09 23:42:24.157568
367;11183;32481;140.64;DEPOSIT;2023-03-09 23:42:24.158376
388;4989;26715;425.96;DEPOSIT;2023-03-09 23:42:24.159902
392;85909;5634;733.25;PIX;2023-03-09 23:42:24.160111
407;16690;9660;85.21;DEPOSIT;2023-03-09 23:42:24.160831
408;23253;26434;270.69;TED;2023-03-09 23:42:24.160872
410;59090;3442;87.45;PIX;2023-03-09 23:42:24.160950
415;7356;34032;52.6;PIX;2023-03-09 23:42:24.161142
417;50364;8739;205.9;PIX;2023-03-09 23:42:24.161219
427;13629;12309;247.92;PIX;2023-03-09 23:42:24.161601
428;36536;636;265.06;TED;2023-03-09 23:42:24.161639
430;23504;4016;23.78;DEPOSIT;2023-03-09 23:42:24.161758
431;15906;72165;845.42;DEPOSIT;2023-03-09 23:42:24.161798
435;3314;48006;138.74;TED;2023-03-09 23:42:24.161981
438;2535;50362;265.88;PIX;2023-03-09 23:42:24.162100
442;25019;4284;299.11;PIX;2023-03-09 23:42:24.162252
446;4953;11605;137.68;PIX;2023-03-09 23:42:24.162404
447;681;59931;366.21;PIX;2023-03-09 23:42:24.162442
450;36292;23064;251.37;TED;2023-03-09 23:42:24.162575
458;4005;56371;12.78;TED;2023-03-09 23:42:24.162878
467;23296;16720;687.18;DEPOSIT;2023-03-09 23:42:24.163226
468;10371;611;82.78;PIX;2023-03-09 23:42:24.163265
470;14789;23979;110.85;PIX;2023-03-09 23:42:24.163342
472;48410;28691;188.66;DEPOSIT;2023-03-09 23:42:24.163418
474;61222;7001;319.8;PIX;2023-03-09 23:42:24.163495
475;14316;19430;463.18;PIX;2023-03-09 23:42:24.163533
476;37821;58147;20.11;TED;2023-03-09 23:42:24.163571
479;23069;36149;434.39;DEPOSIT;2023-03-09 23:42:24.163686
480;31269;8402;382.81;DEPOSIT;2023-03-09 23:42:24.163724
483;5424;39066;54.76;TED;2023-03-09 23:42:24.163844
492;25010;43647;90.49;TED;2023-03-09 23:42:24.164225
502;38872;3736;396.09;TED;2023-03-09 23:42:24.164631
503;150;5630;92.95;TED;2023-03-09 23:42:24.164670
508;19450;15920;630.29;DEPOSIT;2023-03-09 23:42:24.164929
511;2907;9860;336.28;PIX;2023-03-09 23:42:24.165058
521;26460;38716;233.28;TED;2023-03-09 23:42:24.165455
522;32472;6511;59.19;TED;2023-03-09 23:42:24.165493
525;5368;45545;319.31;DEPOSIT;2023-03-09 23:42:24.165610
526;34620;9911;15.61;DEPOSIT;2023-03-09 23:42:24.165655
534;11945;20688;129.14;PIX;2023-03-09 23:42:24.165971
537;1740;29116;672.13;DEPOSIT;2023-03-09 23:42:24.166098
539;76957;21347;28.2;DEPOSIT;2023-03-09 23:42:24.166173
540;36839;5985;345.94;PIX;2023-03-09 23:42:24.166213
549;15357;32003;63.14;DEPOSIT;2023-03-09 23:42:24.166553
552;4474;2356;52.67;PIX;2023-03-09 23:42:24.166680
553;64439;1807;518.35;PIX;2023-03-09 23:42:24.166719
559;35162;22282;333.02;PIX;2023-03-09 23:42:24.166953
569;21710;7209;273.51;PIX;2023-03-09 23:42:24.167336
574;12787;1297;343.95;DEPOSIT;2023-03-09 23:42:24.167527
584;4091;44507;365.69;TED;2023-03-09 23:42:24.167905
588;80323;3719;174.98;DEPOSIT;2023-03-09 23:42:24.168053
589;6567;5285;87.96;PIX;2023-03-09 23:42:24.168090
592;55906;12690;74.49;TED;2023-03-09 23:42:24.168199
593;21694;33593;198.91;PIX;2023-03-09 23:42:24.168245
599;39384;181;142.87;TED;2023-03-09 23:42:24.168469
600;49566;27639;213.87;PIX;2023-03-09 23:42:24.168505
605;6634;24219;105.94;TED;2023-03-09 23:42:24.168697
625;18170;8082;264.14;DEPOSIT;2023-03-09 23:42:24.169478
628;89915;14692;229.31;TED;2023-03-09 23:42:24.169590
636;9633;5469;51.34;TED;2023-03-09 23:42:24.169888
644;17178;89593;20.97;TED;2023-03-09 23:42:24.170204
651;22186;48294;301.45;TED;2023-03-09 23:42:24.170459
653;25488;26171;911.11;TED;2023-03-09 23:42:24.170535
656;31645;10045;588.73;DEPOSIT;2023-03-09 23:42:24.170644
661;4354;26188;146.53;DEPOSIT;2023-03-09 23:42:24.170827
675;24505;36548;36.01;TED;2023-03-09 23:42:24.171346
687;9151;31523;475.63;PIX;2023-03-09 23:42:24.171798
697;24021;54400;170.96;DEPOSIT;2023-03-09 23:42:24.172157
702;20222;46642;405.11;PIX;2023-03-09 23:42:24.172336
711;4516;19017;623.69;TED;2023-03-09 23:42:24.172656
725;37544;41299;281.5;TED;2023-03-09 23:42:24.173161
727;2082;43967;805.03;PIX;2023-03-09 23:42:24.173233
734;41712;18988;5.17;DEPOSIT;2023-03-09 23:42:24.173479
742;23147;48355;138.41;TED;2023-03-09 23:42:24.173773
748;7425;32773;49.4;PIX;2023-03-09 23:42:24.173997
754;3526;4612;66.95;TED;2023-03-09 23:42:24.174232
762;71751;23242;38.57;DEPOSIT;2023-03-09 23:42:24.174526
763;3594;34455;418.36;TED;2023-03-09 23:42:24.174563
764;57393;27613;592.08;DEPOSIT;2023-03-09 23:42:24.174599
766;9966;89861;363.08;TED;2023-03-09 23:42:24.174670
768;14263;15511;102.8;TED;2023-03-09 23:42:24.174741
770;46194;36889;676.47;PIX;2023-03-09 23:42:24.174811
773;34682;3797;109.79;DEPOSIT;2023-03-09 23:42:24.174924
784;23964;23895;262.15;PIX;2023-03-09 23:42:24.175324
789;8435;21009;736.91;DEPOSIT;2023-03-09 23:42:24.175500
790;11553;32070;526.04;TED;2023-03-09 23:42:24.175535
794;10941;33864;108.5;PIX;2023-03-09 23:42:24.175737
796;13580;2534;194.33;TED;2023-03-09 23:42:24.175818
798;13214;4811;441.65;DEPOSIT;2023-03-09 23:42:24.175893
804;40756;12339;176.04;TED;2023-03-09 23:42:24.176109
808;59520;2385;64.55;PIX;2023-03-09 23:42:24.176253
811;155;13093;223.27;DEPOSIT;2023-03-09 23:42:24.176360
815;19739;18471;365.53;PIX;2023-03-09 23:42:24.176503
816;65775;28702;361.61;PIX;2023-03-09 23:42:24.176539
826;5084;23885;133.08;TED;2023-03-09 23:42:24.176904
835;9736;43610;927.94;PIX;2023-03-09 23:42:24.177222
836;12011;52283;145.29;PIX;2023-03-09 23:42:24.177257
838;44227;66023;810.55;PIX;2023-03-09 23:42:24.177333
839;8456;6758;99.25;TED;2023-03-09 23:42:24.177378
841;11402;33496;46.34;PIX;2023-03-09 23:42:24.177451
842;23844;17731;430.89;DEPOSIT;2023-03-09 23:42:24.177488
844;46443;5022;285.32;PIX;2023-03-09 23:42:24.177559
847;6059;4927;10.17;TED;2023-03-09 23:42:24.177670
848;703;80172;0.52;PIX;2023-03-09 23:42:24.177709
849;1878;30432;28.05;PIX;2023-03-09 23:42:24.177745
852;20917;43031;42.47;PIX;2023-03-09 23:42:24.177852
867;37964;68250;195.97;TED;2023-03-09 23:42:24.178392
868;24587;45428;223.37;TED;2023-03-09 23:42:24.178427
870;10975;1211;640.54;DEPOSIT;2023-03-09 23:42:24.178498
874;51958;58218;558.37;TED;2023-03-09 23:42:24.178638
877;8160;40495;106.2;DEPOSIT;2023-03-09 23:42:24.178745
878;7229;57637;182.25;PIX;2023-03-09 23:42:24.178780
881;9040;19036;460.47;PIX;2023-03-09 23:42:24.178887
884;94985;2539;16.57;PIX;2023-03-09 23:42:24.178992
895;3606;49481;148.81;PIX;2023-03-09 23:42:24.179380
905;56300;4633;553.46;TED;2023-03-09 23:42:24.179755
908;56775;35333;580.98;PIX;2023-03-09 23:42:24.179894
920;10686;25356;154.24;TED;2023-03-09 23:42:24.180450
922;6855;75531;132.05;DEPOSIT;2023-03-09 23:42:24.180539
924;37812;2203;325.23;TED;2023-03-09 23:42:24.180624
932;10349;66763;460.29;TED;2023-03-09 23:42:24.180964
944;1622;10473;1.35;TED;2023-03-09 23:42:24.181497
945;15887;1889;89.31;DEPOSIT;2023-03-09 23:42:24.181539
947;54289;1588;16.75;PIX;2023-03-09 23:42:24.181629
950;8600;8513;457.58;PIX;2023-03-09 23:42:24.181766
957;47210;6584;287.97;TED;2023-03-09 23:42:24.182074
972;53702;811;905.97;PIX;2023-03-09 23:42:24.182747
975;35166;53722;229.77;PIX;2023-03-09 23:42:24.182876
979;44936;57828;198.23;TED;2023-03-09 23:42:24.183051
983;52950;20503;28.03;TED;2023-03-09 23:42:24.183224
985;7692;54301;832.74;DEPOSIT;2023-03-09 23:42:24.183311
991;6509;40450;7.87;TED;2023-03-09 23:42:24.183581
995;31934;12376;187.73;TED;2023-03-09 23:42:24.183768
2;46079;17553;236.16;PIX;2023-03-10 23:42:24.130823
4;8837;26074;0.53;TED;2023-03-10 23:42:24.131081
5;1578;50462;58.92;PIX;2023-03-10 23:42:24.131179
11;35185;15432;19.19;PIX;2023-03-10 23:42:24.131714
16;34916;919;53.06;DEPOSIT;2023-03-10 23:42:24.132186
17;46300;7761;42.48;TED;2023-03-10 23:42:24.132287
21;29286;5245;96.54;PIX;2023-03-10 23:42:24.132657
30;4793;67697;88.71;TED;2023-03-10 23:42:24.133482
45;4399;5452;6.28;PIX;2023-03-10 23:42:24.134755
48;11638;4197;0.04;PIX;2023-03-10 23:42:24.135000
59;368;12445;511.21;DEPOSIT;2023-03-10 23:42:24.135950
62;62886;2073;18.6;DEPOSIT;2023-03-10 23:42:24.136189
68;28881;32855;12.1;TED;2023-03-10 23:42:24.136709
85;22750;7489;198.82;DEPOSIT;2023-03-10 23:42:24.138090
89;3772;6101;98.11;DEPOSIT;2023-03-10 23:42:24.138434
92;35620;109;296.26;TED;2023-03-10 23:42:24.138685
93;7295;4138;101.47;DEPOSIT;2023-03-10 23:42:24.138760
94;37594;26391;88.79;DEPOSIT;2023-03-10 23:42:24.138833
98;20677;3754;66.64;TED;2023-03-10 23:42:24.139130
99;13302;227;130.64;DEPOSIT;2023-03-10 23:42:24.139218
104;48892;10000;448.54;TED;2023-03-10 23:42:24.139620
107;6587;42061;74.54;TED;2023-03-10 23:42:24.139841
109;685;19451;168.96;TED;2023-03-10 23:42:24.140473
113;4836;696;90.85;TED;2023-03-10 23:42:24.141094
117;63700;7777;1.33;PIX;2023-03-10 23:42:24.141394
132;33847;3881;176.42;PIX;2023-03-10 23:42:24.142523
143;21737;21842;362.53;TED;2023-03-10 23:42:24.143332
147;9283;94044;413.3;TED;2023-03-10 23:42:24.143623
151;42049;26093;387.71;PIX;2023-03-10 23:42:24.143914
155;40350;5019;338.51;TED;2023-03-10 23:42:24.144208
170;12902;7489;14.43;TED;2023-03-10 23:42:24.145216
173;60577;1860;225.72;PIX;2023-03-10 23:42:24.145420
202;47449;16747;196.24;PIX;2023-03-10 23:42:24.147191
203;4990;7154;80.46;TED;2023-03-10 23:42:24.147250
204;32673;45612;62.11;DEPOSIT;2023-03-10 23:42:24.147309
207;38423;30209;206.91;PIX;2023-03-10 23:42:24.147490
213;5943;9825;704.95;PIX;2023-03-10 23:42:24.147846
219;36939;19572;34.14;DEPOSIT;2023-03-10 23:42:24.148226
226;10868;21017;82.22;TED;2023-03-10 23:42:24.148643
227;72733;68221;135.83;PIX;2023-03-10 23:42:24.148703
231;39328;39519;16.64;DEPOSIT;2023-03-10 23:42:24.148940
246;5891;1464;165.23;DEPOSIT;2023-03-10 23:42:24.149831
247;3771;79033;309.64;DEPOSIT;2023-03-10 23:42:24.149890
253;11865;4261;152.52;PIX;2023-03-10 23:42:24.150246
255;38176;2744;104.79;PIX;2023-03-10 23:42:24.150365
256;27426;1298;39.36;DEPOSIT;2023-03-10 23:42:24.150426
257;5396;6841;99.4;TED;2023-03-10 23:42:24.150485
263;12700;13020;310.33;DEPOSIT;2023-03-10 23:42:24.150838
275;13913;751;235.3;TED;2023-03-10 23:42:24.151560
284;44710;6202;133.0;DEPOSIT;2023-03-10 23:42:24.152136
286;3266;41800;251.13;DEPOSIT;2023-03-10 23:42:24.152286
288;7350;23054;327.93;PIX;2023-03-10 23:42:24.152435
301;19955;22270;117.31;DEPOSIT;2023-03-10 23:42:24.153404
302;11343;11983;61.36;TED;2023-03-10 23:42:24.153478
306;2363;6416;380.84;TED;2023-03-10 23:42:24.153773
311;40483;32234;71.35;DEPOSIT;2023-03-10 23:42:24.154146
331;59585;54689;87.25;TED;2023-03-10 23:42:24.155681
341;44669;29053;12.96;DEPOSIT;2023-03-10 23:42:24.156428
342;4105;46510;36.79;TED;2023-03-10 23:42:24.156502
343;21850;7623;886.0;TED;2023-03-10 23:42:24.156575
346;14163;75457;107.28;DEPOSIT;2023-03-10 23:42:24.156797
350;36936;1008;347.98;TED;2023-03-10 23:42:24.157103
354;4299;2312;93.45;DEPOSIT;2023-03-10 23:42:24.157426
357;66256;42045;97.09;TED;2023-03-10 23:42:24.157640
359;11303;26545;118.23;PIX;2023-03-10 23:42:24.157782
366;37306;30589;44.91;PIX;2023-03-10 23:42:24.158303
370;14496;3192;92.38;PIX;2023-03-10 23:42:24.158597
376;23713;21716;710.97;PIX;2023-03-10 23:42:24.159036
393;47410;1988;142.68;PIX;2023-03-10 23:42:24.160201
394;19638;23364;55.41;TED;2023-03-10 23:42:24.160254
399;57314;12483;508.05;DEPOSIT;2023-03-10 23:42:24.160491
420;44605;30383;385.56;TED;2023-03-10 23:42:24.161335
422;30877;25120;0.6;DEPOSIT;2023-03-10 23:42:24.161411
434;3450;10686;640.39;TED;2023-03-10 23:42:24.161941
437;11998;71086;1.74;DEPOSIT;2023-03-10 23:42:24.162062
441;29982;4666;48.89;DEPOSIT;2023-03-10 23:42:24.162214
463;7919;48710;536.85;PIX;2023-03-10 23:42:24.163068
465;6247;7534;22.44;TED;2023-03-10 23:42:24.163146
486;61498;20582;432.37;TED;2023-03-10 23:42:24.163974
487;231;6758;16.51;TED;2023-03-10 23:42:24.164014
488;15693;61115;18.98;DEPOSIT;2023-03-10 23:42:24.164054
493;3160;20403;334.39;PIX;2023-03-10 23:42:24.164267
494;73873;62480;137.87;DEPOSIT;2023-03-10 23:42:24.164307
495;22629;8312;278.46;DEPOSIT;2023-03-10 23:42:24.164346
496;7642;19407;534.1;DEPOSIT;2023-03-10 23:42:24.164385
497;53662;76627;363.42;TED;2023-03-10 23:42:24.164423
507;44194;3264;449.97;DEPOSIT;2023-03-10 23:42:24.164885
509;750;24448;66.46;TED;2023-03-10 23:42:24.164973
513;6823;59478;243.82;PIX;2023-03-10 23:42:24.165135
517;28667;53298;149.85;PIX;2023-03-10 23:42:24.165293
518;13900;33339;288.47;DEPOSIT;2023-03-10 23:42:24.165338
519;199;2800;24.91;TED;2023-03-10 23:42:24.165377
523;65;59558;112.97;TED;2023-03-10 23:42:24.165531
528;43462;85474;101.98;TED;2023-03-10 23:42:24.165734
530;28996;26823;232.91;TED;2023-03-10 23:42:24.165816
532;8988;5529;149.46;TED;2023-03-10 23:42:24.165897
541;30703;7979;56.28;TED;2023-03-10 23:42:24.166250
543;77;30265;428.75;DEPOSIT;2023-03-10 23:42:24.166325
550;13556;5470;32.38;PIX;2023-03-10 23:42:24.166600
560;30169;15869;724.14;TED;2023-03-10 23:42:24.166991
561;28207;3722;13.18;TED;2023-03-10 23:42:24.167028
564;10976;11440;324.92;PIX;2023-03-10 23:42:24.167142
565;3118;18818;482.97;DEPOSIT;2023-03-10 23:42:24.167179
566;42368;47090;341.67;PIX;2023-03-10 23:42:24.167216
567;8122;15933;235.07;PIX;2023-03-10 23:42:24.167252
576;56649;26118;91.81;TED;2023-03-10 23:42:24.167601
577;32147;33097;331.08;PIX;2023-03-10 23:42:24.167637
581;42919;54735;531.9;PIX;2023-03-10 23:42:24.167794
582;22849;27213;0.31;DEPOSIT;2023-03-10 23:42:24.167832
591;18980;2648;13.09;TED;2023-03-10 23:42:24.168163
602;11357;122;117.99;TED;2023-03-10 23:42:24.168581
604;33067;3049;195.67;TED;2023-03-10 23:42:24.168659
606;1664;1707;660.53;DEPOSIT;2023-03-10 23:42:24.168734
615;17123;5228;315.33;DEPOSIT;2023-03-10 23:42:24.169069
618;14748;1305;98.2;TED;2023-03-10 23:42:24.169179
620;54433;15047;94.07;TED;2023-03-10 23:42:24.169269
621;26486;77407;44.28;DEPOSIT;2023-03-10 23:42:24.169308
627;50713;47073;235.29;TED;2023-03-10 23:42:24.169552
630;5338;1688;48.08;DEPOSIT;2023-03-10 23:42:24.169663
635;54560;20832;310.85;TED;2023-03-10 23:42:24.169851
637;29889;5393;176.91;TED;2023-03-10 23:42:24.169925
638;21131;6841;127.18;DEPOSIT;2023-03-10 23:42:24.169962
643;13111;4137;135.14;TED;2023-03-10 23:42:24.170145
645;2356;65985;281.5;TED;2023-03-10 23:42:24.170241
647;11697;6008;191.11;DEPOSIT;2023-03-10 23:42:24.170313
652;74831;11819;435.41;TED;2023-03-10 23:42:24.170495
657;18055;4793;211.01;TED;2023-03-10 23:42:24.170681
658;37156;33909;203.7;DEPOSIT;2023-03-10 23:42:24.170717
660;166;43351;80.78;TED;2023-03-10 23:42:24.170790
663;33772;11770;396.83;PIX;2023-03-10 23:42:24.170900
669;921;66623;164.54;DEPOSIT;2023-03-10 23:42:24.171120
670;10824;13702;3.38;PIX;2023-03-10 23:42:24.171157
673;77960;24977;8.72;TED;2023-03-10 23:42:24.171273
677;38038;55425;88.46;PIX;2023-03-10 23:42:24.171419
678;35262;4453;341.81;DEPOSIT;2023-03-10 23:42:24.171457
679;17620;29520;202.63;DEPOSIT;2023-03-10 23:42:24.171493
681;2286;24671;510.74;DEPOSIT;2023-03-10 23:42:24.171567
683;45307;38710;776.25;DEPOSIT;2023-03-10 23:42:24.171639
684;3264;19832;288.74;TED;2023-03-10 23:42:24.171676
686;38561;13822;25.15;DEPOSIT;2023-03-10 23:42:24.171753
689;17603;33419;90.94;DEPOSIT;2023-03-10 23:42:24.171871
691;45861;37561;150.31;DEPOSIT;2023-03-10 23:42:24.171942
701;21882;11814;177.39;PIX;2023-03-10 23:42:24.172301
716;64382;3732;537.82;DEPOSIT;2023-03-10 23:42:24.172837
722;37808;20371;302.92;PIX;2023-03-10 23:42:24.173053
729;49365;42696;272.04;TED;2023-03-10 23:42:24.173304
738;4130;11713;162.02;TED;2023-03-10 23:42:24.173621
743;8077;79046;34.81;DEPOSIT;2023-03-10 23:42:24.173809
744;17597;1364;57.35;PIX;2023-03-10 23:42:24.173844
746;83568;3099;297.6;PIX;2023-03-10 23:42:24.173922
749;3985;8202;25.64;DEPOSIT;2023-03-10 23:42:24.174034
751;3656;883;318.49;DEPOSIT;2023-03-10 23:42:24.174127
752;15090;11829;11.11;DEPOSIT;2023-03-10 23:42:24.174162
755;34618;4824;235.92;TED;2023-03-10 23:42:24.174267
756;84232;17942;165.11;TED;2023-03-10 23:42:24.174303
759;23346;27932;216.49;TED;2023-03-10 23:42:24.174407
761;25563;39158;217.16;PIX;2023-03-10 23:42:24.174483
769;38211;31023;151.12;TED;2023-03-10 23:42:24.174776
771;15764;26386;81.84;DEPOSIT;2023-03-10 23:42:24.174847
774;20393;1282;870.12;PIX;2023-03-10 23:42:24.174960
775;21776;2475;14.68;PIX;2023-03-10 23:42:24.174996
786;44300;12969;228.68;TED;2023-03-10 23:42:24.175395
799;16184;14216;60.23;TED;2023-03-10 23:42:24.175929
800;16656;7287;112.96;PIX;2023-03-10 23:42:24.175965
806;4769;44888;115.05;PIX;2023-03-10 23:42:24.176181
818;4596;2701;317.85;PIX;2023-03-10 23:42:24.176610
819;10538;9815;329.23;PIX;2023-03-10 23:42:24.176647
821;13599;37109;50.59;PIX;2023-03-10 23:42:24.176718
824;61410;4627;348.48;DEPOSIT;2023-03-10 23:42:24.176833
828;13001;40798;130.25;PIX;2023-03-10 23:42:24.176975
830;41212;15318;869.15;DEPOSIT;2023-03-10 23:42:24.177046
862;2559;93407;60.62;PIX;2023-03-10 23:42:24.178215
866;21182;70215;0.09;PIX;2023-03-10 23:42:24.178356
869;3569;27353;258.05;DEPOSIT;2023-03-10 23:42:24.178462
883;34833;30435;584.46;PIX;2023-03-10 23:42:24.178958
889;56114;36207;489.15;PIX;2023-03-10 23:42:24.179167
890;2057;2736;83.69;DEPOSIT;2023-03-10 23:42:24.179201
893;7636;5058;88.93;PIX;2023-03-10 23:42:24.179306
894;16344;5566;203.04;PIX;2023-03-10 23:42:24.179345
899;67906;2390;23.27;TED;2023-03-10 23:42:24.179521
901;11632;6254;30.73;PIX;2023-03-10 23:42:24.179591
914;70263;125;698.42;TED;2023-03-10 23:42:24.180187
915;50462;38227;242.07;DEPOSIT;2023-03-10 23:42:24.180232
917;2706;12773;284.41;TED;2023-03-10 23:42:24.180320
925;34476;3565;611.06;PIX;2023-03-10 23:42:24.180668
936;12127;31722;89.94;TED;2023-03-10 23:42:24.181149
938;52997;29177;396.96;TED;2023-03-10 23:42:24.181235
951;14066;23386;609.17;DEPOSIT;2023-03-10 23:42:24.181809
963;27774;12777;18.72;PIX;2023-03-10 23:42:24.182334
976;22542;5460;517.1;TED;2023-03-10 23:42:24.182918
988;47683;39078;219.7;PIX;2023-03-10 23:42:24.183448
989;36273;3391;7.33;TED;2023-03-10 23:42:24.183490
993;12548;32653;1.99;TED;2023-03-10 23:42:24.183679
996;12642;1854;81.52;DEPOSIT;2023-03-10 23:42:24.183811
999;212;21291;640.36;DEPOSIT;2023-03-10 23:42:24.183943
1000;5839;559;68.32;DEPOSIT;2023-03-10 23:42:24.183987
6;3090;72351;391.37;TED;2023-03-11 23:42:24.131271
13;5254;29789;291.75;PIX;2023-03-11 23:42:24.131885
19;8703;20743;338.19;DEPOSIT;2023-03-11 23:42:24.132480
22;9862;18865;180.81;DEPOSIT;2023-03-11 23:42:24.132739
23;6379;11788;385.29;PIX;2023-03-11 23:42:24.132820
25;8646;91733;505.28;TED;2023-03-11 23:42:24.133015
28;52583;33481;3.45;PIX;2023-03-11 23:42:24.133297
35;72829;13704;366.56;PIX;2023-03-11 23:42:24.133904
37;1593;7560;598.68;TED;2023-03-11 23:42:24.134095
41;12738;622;88.93;TED;2023-03-11 23:42:24.134421
47;2786;53344;225.05;PIX;2023-03-11 23:42:24.134924
52;17947;24079;259.57;TED;2023-03-11 23:42:24.135363
53;28739;3492;13.63;TED;2023-03-11 23:42:24.135461
73;62056;37915;253.1;DEPOSIT;2023-03-11 23:42:24.137126
83;4520;390;216.54;DEPOSIT;2023-03-11 23:42:24.137899
90;5975;12449;96.45;TED;2023-03-11 23:42:24.138523
105;22062;6025;139.24;DEPOSIT;2023-03-11 23:42:24.139694
115;8353;34598;128.52;PIX;2023-03-11 23:42:24.141245
116;7206;5349;7.29;DEPOSIT;2023-03-11 23:42:24.141320
119;28653;7879;523.02;PIX;2023-03-11 23:42:24.141542
127;32926;23138;792.03;PIX;2023-03-11 23:42:24.142156
128;24762;8510;704.79;DEPOSIT;2023-03-11 23:42:24.142230
141;820;32381;47.04;PIX;2023-03-11 23:42:24.143186
145;59378;2610;36.7;TED;2023-03-11 23:42:24.143478
152;641;2301;592.83;TED;2023-03-11 23:42:24.143986
153;41275;62467;374.92;PIX;2023-03-11 23:42:24.144060
156;80722;16937;230.52;DEPOSIT;2023-03-11 23:42:24.144272
158;37102;50765;701.01;DEPOSIT;2023-03-11 23:42:24.144399
163;62065;15218;94.5;DEPOSIT;2023-03-11 23:42:24.144722
164;26400;15671;3.27;PIX;2023-03-11 23:42:24.144786
165;494;5124;276.51;TED;2023-03-11 23:42:24.144853
166;158;53459;361.57;DEPOSIT;2023-03-11 23:42:24.144917
168;179;48381;327.09;DEPOSIT;2023-03-11 23:42:24.145076
174;19212;13077;769.46;TED;2023-03-11 23:42:24.145484
177;7765;42619;109.2;DEPOSIT;2023-03-11 23:42:24.145671
180;28396;75361;500.81;PIX;2023-03-11 23:42:24.145858
191;53670;70878;386.0;DEPOSIT;2023-03-11 23:42:24.146532
193;53742;66672;539.89;PIX;2023-03-11 23:42:24.146650
197;23915;37741;727.23;PIX;2023-03-11 23:42:24.146891
205;31086;4809;191.48;DEPOSIT;2023-03-11 23:42:24.147369
208;48745;20103;307.99;PIX;2023-03-11 23:42:24.147551
212;52787;44665;442.26;PIX;2023-03-11 23:42:24.147788
214;57208;597;17.55;PIX;2023-03-11 23:42:24.147905
220;61055;19698;46.15;PIX;2023-03-11 23:42:24.148286
221;66396;7105;77.34;DEPOSIT;2023-03-11 23:42:24.148346
225;28031;14213;152.09;DEPOSIT;2023-03-11 23:42:24.148585
237;58192;4666;281.56;DEPOSIT;2023-03-11 23:42:24.149296
240;84720;72230;140.99;PIX;2023-03-11 23:42:24.149475
252;26360;26139;249.4;PIX;2023-03-11 23:42:24.150187
266;36703;62152;159.25;DEPOSIT;2023-03-11 23:42:24.151017
272;7047;11262;40.35;DEPOSIT;2023-03-11 23:42:24.151376
276;19661;3221;5.57;PIX;2023-03-11 23:42:24.151619
278;7729;17173;333.63;DEPOSIT;2023-03-11 23:42:24.151737
279;43015;5761;174.27;TED;2023-03-11 23:42:24.151802
280;11148;45109;414.4;DEPOSIT;2023-03-11 23:42:24.151860
283;787;38441;144.05;PIX;2023-03-11 23:42:24.152060
291;7771;44187;25.56;PIX;2023-03-11 23:42:24.152659
295;18218;40775;858.75;TED;2023-03-11 23:42:24.152956
296;7749;23204;179.03;DEPOSIT;2023-03-11 23:42:24.153031
300;48786;2603;788.11;PIX;2023-03-11 23:42:24.153331
308;13634;13870;19.79;TED;2023-03-11 23:42:24.153921
309;1154;19949;35.39;PIX;2023-03-11 23:42:24.153997
310;17133;25667;600.93;DEPOSIT;2023-03-11 23:42:24.154070
326;38606;2698;11.94;TED;2023-03-11 23:42:24.155304
329;80994;79704;66.15;PIX;2023-03-11 23:42:24.155532
332;33089;63332;77.24;PIX;2023-03-11 23:42:24.155756
338;41609;19378;111.78;PIX;2023-03-11 23:42:24.156207
358;16086;49371;167.32;PIX;2023-03-11 23:42:24.157711
360;3513;77467;405.96;DEPOSIT;2023-03-11 23:42:24.157852
363;3644;6956;34.29;PIX;2023-03-11 23:42:24.158083
368;13423;35695;204.22;DEPOSIT;2023-03-11 23:42:24.158450
373;9956;54919;14.6;TED;2023-03-11 23:42:24.158820
378;78628;33612;62.82;DEPOSIT;2023-03-11 23:42:24.159179
380;17964;27912;39.9;TED;2023-03-11 23:42:24.159321
386;19348;47541;154.97;PIX;2023-03-11 23:42:24.159760
390;16921;4172;307.39;DEPOSIT;2023-03-11 23:42:24.160002
396;1258;58706;778.97;TED;2023-03-11 23:42:24.160357
397;22672;946;326.22;DEPOSIT;2023-03-11 23:42:24.160405
398;8181;29056;164.15;DEPOSIT;2023-03-11 23:42:24.160451
401;53294;3025;200.1;TED;2023-03-11 23:42:24.160577
404;37028;45233;0.61;DEPOSIT;2023-03-11 23:42:24.160696
405;11883;44477;369.81;PIX;2023-03-11 23:42:24.160737
409;24670;6317;53.55;PIX;2023-03-11 23:42:24.160912
411;18139;16751;179.2;PIX;2023-03-11 23:42:24.160989
423;14870;31274;166.45;PIX;2023-03-11 23:42:24.161449
426;30917;2268;12.1;PIX;2023-03-11 23:42:24.161562
429;1087;14694;605.72;PIX;2023-03-11 23:42:24.161684
433;83840;3459;216.42;PIX;2023-03-11 23:42:24.161891
443;61175;7720;439.92;DEPOSIT;2023-03-11 23:42:24.162291
445;1636;1115;377.25;TED;2023-03-11 23:42:24.162366
448;6908;55867;584.88;TED;2023-03-11 23:42:24.162490
449;7455;55211;479.41;TED;2023-03-11 23:42:24.162536
451;7560;3741;78.44;PIX;2023-03-11 23:42:24.162612
461;54500;180;364.19;TED;2023-03-11 23:42:24.162993
466;13665;3403;148.45;PIX;2023-03-11 23:42:24.163187
473;532;28170;349.73;PIX;2023-03-11 23:42:24.163456
478;25572;8345;288.61;DEPOSIT;2023-03-11 23:42:24.163648
481;33561;5231;295.16;DEPOSIT;2023-03-11 23:42:24.163762
489;30009;24836;529.2;DEPOSIT;2023-03-11 23:42:24.164094
499;22697;24711;72.33;DEPOSIT;2023-03-11 23:42:24.164503
501;16269;4717;111.09;DEPOSIT;2023-03-11 23:42:24.164588
504;3651;17333;247.82;DEPOSIT;2023-03-11 23:42:24.164716
510;7209;37979;134.61;DEPOSIT;2023-03-11 23:42:24.165017
516;20058;806;213.28;TED;2023-03-11 23:42:24.165254
524;48790;1552;22.8;TED;2023-03-11 23:42:24.165569
529;19422;5717;186.29;TED;2023-03-11 23:42:24.165772
531;6330;22676;72.02;PIX;2023-03-11 23:42:24.165857
533;72977;17454;215.1;DEPOSIT;2023-03-11 23:42:24.165934
538;594;3716;326.18;DEPOSIT;2023-03-11 23:42:24.166134
542;52965;5149;243.68;DEPOSIT;2023-03-11 23:42:24.166287
554;2112;14505;313.06;DEPOSIT;2023-03-11 23:42:24.166758
571;40782;7329;232.04;TED;2023-03-11 23:42:24.167410
585;11550;14147;734.69;PIX;2023-03-11 23:42:24.167942
594;64677;1356;353.56;PIX;2023-03-11 23:42:24.168285
595;64270;18231;521.51;TED;2023-03-11 23:42:24.168323
597;69087;13080;345.66;TED;2023-03-11 23:42:24.168396
609;4691;28484;64.99;TED;2023-03-11 23:42:24.168848
613;436;7826;775.61;DEPOSIT;2023-03-11 23:42:24.168996
617;55597;42467;672.71;PIX;2023-03-11 23:42:24.169142
626;2686;203;401.19;TED;2023-03-11 23:42:24.169515
632;1584;3465;202.45;TED;2023-03-11 23:42:24.169736
634;835;19420;4.0;DEPOSIT;2023-03-11 23:42:24.169811
650;24103;802;520.35;PIX;2023-03-11 23:42:24.170423
659;8116;4790;788.51;PIX;2023-03-11 23:42:24.170753
665;15659;2784;74.88;TED;2023-03-11 23:42:24.170974
666;48758;25318;184.96;PIX;2023-03-11 23:42:24.171011
667;32302;24080;31.0;PIX;2023-03-11 23:42:24.171048
672;7743;22325;123.57;TED;2023-03-11 23:42:24.171235
676;8252;35957;132.03;PIX;2023-03-11 23:42:24.171383
680;53542;59249;38.39;DEPOSIT;2023-03-11 23:42:24.171530
682;8412;21949;421.24;TED;2023-03-11 23:42:24.171603
685;27021;5706;541.91;DEPOSIT;2023-03-11 23:42:24.171712
690;73200;51208;525.34;DEPOSIT;2023-03-11 23:42:24.171907
692;6237;43856;461.73;TED;2023-03-11 23:42:24.171980
694;49806;34368;327.68;TED;2023-03-11 23:42:24.172051
695;60471;1013;22.32;TED;2023-03-11 23:42:24.172086
703;12697;18518;223.24;DEPOSIT;2023-03-11 23:42:24.172371
705;52089;16401;234.83;PIX;2023-03-11 23:42:24.172440
707;57840;74082;196.2;TED;2023-03-11 23:42:24.172514
713;14999;110;489.23;DEPOSIT;2023-03-11 23:42:24.172730
715;26295;608;145.81;TED;2023-03-11 23:42:24.172801
724;6592;35972;44.15;PIX;2023-03-11 23:42:24.173125
736;42451;3061;514.29;PIX;2023-03-11 23:42:24.173550
737;4090;25289;32.83;PIX;2023-03-11 23:42:24.173584
739;21335;462;103.01;PIX;2023-03-11 23:42:24.173658
747;3983;4722;28.25;TED;2023-03-11 23:42:24.173960
753;12884;27871;375.54;DEPOSIT;2023-03-11 23:42:24.174197
772;20011;31249;489.16;PIX;2023-03-11 23:42:24.174887
776;1598;194;93.17;DEPOSIT;2023-03-11 23:42:24.175032
777;441;14492;477.91;DEPOSIT;2023-03-11 23:42:24.175067
779;15845;89433;335.04;DEPOSIT;2023-03-11 23:42:24.175139
782;41924;47130;181.95;PIX;2023-03-11 23:42:24.175253
791;9101;46738;572.85;TED;2023-03-11 23:42:24.175570
792;86105;6014;135.62;PIX;2023-03-11 23:42:24.175615
793;625;64863;372.66;DEPOSIT;2023-03-11 23:42:24.175682
802;46881;30979;189.22;TED;2023-03-11 23:42:24.176037
813;56735;16654;284.61;TED;2023-03-11 23:42:24.176432
817;36345;6498;1.61;TED;2023-03-11 23:42:24.176575
820;59776;11986;11.6;TED;2023-03-11 23:42:24.176682
829;53245;32461;760.35;PIX;2023-03-11 23:42:24.177011
831;3384;4778;613.2;PIX;2023-03-11 23:42:24.177081
833;37665;6711;137.97;DEPOSIT;2023-03-11 23:42:24.177152
837;9882;22868;524.76;DEPOSIT;2023-03-11 23:42:24.177293
840;8739;14164;81.42;PIX;2023-03-11 23:42:24.177415
846;17233;46388;494.87;TED;2023-03-11 23:42:24.177631
851;18931;4238;33.91;PIX;2023-03-11 23:42:24.177816
853;2630;13739;114.26;DEPOSIT;2023-03-11 23:42:24.177887
855;4938;362;188.8;PIX;2023-03-11 23:42:24.177958
858;135;15533;246.3;DEPOSIT;2023-03-11 23:42:24.178074
859;17930;24959;182.59;TED;2023-03-11 23:42:24.178109
875;6912;15420;55.99;PIX;2023-03-11 23:42:24.178673
876;68213;29290;131.32;TED;2023-03-11 23:42:24.178709
880;2932;1755;608.18;PIX;2023-03-11 23:42:24.178852
886;55373;11296;17.23;TED;2023-03-11 23:42:24.179063
887;12666;44816;201.99;PIX;2023-03-11 23:42:24.179097
896;9493;60449;26.8;DEPOSIT;2023-03-11 23:42:24.179416
897;11817;77083;200.96;DEPOSIT;2023-03-11 23:42:24.179451
898;7938;69902;214.93;DEPOSIT;2023-03-11 23:42:24.179486
907;7470;37673;558.42;TED;2023-03-11 23:42:24.179849
911;40378;10474;692.07;TED;2023-03-11 23:42:24.180051
919;39814;17888;522.62;PIX;2023-03-11 23:42:24.180407
926;33222;51641;147.94;PIX;2023-03-11 23:42:24.180710
927;12445;54827;329.6;PIX;2023-03-11 23:42:24.180752
931;3967;7615;27.71;PIX;2023-03-11 23:42:24.180922
935;9419;27558;435.12;PIX;2023-03-11 23:42:24.181090
937;2697;710;639.63;TED;2023-03-11 23:42:24.181192
939;14261;20736;50.81;DEPOSIT;2023-03-11 23:42:24.181280
941;1628;6197;801.6;TED;2023-03-11 23:42:24.181368
942;53885;33282;709.38;TED;2023-03-11 23:42:24.181410
948;68139;22469;68.09;PIX;2023-03-11 23:42:24.181677
952;38410;68559;98.08;TED;2023-03-11 23:42:24.181854
953;35620;34519;141.34;DEPOSIT;2023-03-11 23:42:24.181898
955;11316;12590;35.39;TED;2023-03-11 23:42:24.181990
958;14662;18506;255.81;DEPOSIT;2023-03-11 23:42:24.182117
959;17201;13168;261.84;TED;2023-03-11 23:42:24.182159
960;31174;35716;251.42;TED;2023-03-11 23:42:24.182204
966;10611;4308;198.96;PIX;2023-03-11 23:42:24.182479
971;14370;22421;112.25;PIX;2023-03-11 23:42:24.182702
973;43234;36320;533.56;TED;2023-03-11 23:42:24.182789
980;7774;5942;132.78;TED;2023-03-11 23:42:24.183093
984;20112;13486;645.44;TED;2023-03-11 23:42:24.183266
990;1653;64994;669.75;DEPOSIT;2023-03-11 23:42:24.183535
992;9275;50816;286.96;TED;2023-03-11 23:42:24.183627
997;4897;6129;51.2;DEPOSIT;2023-03-11 23:42:24.183856
3;6538;18592;652.27;PIX;2023-03-12 23:42:24.130976
7;84801;11078;188.56;DEPOSIT;2023-03-12 23:42:24.131360
9;3897;22523;14.9;TED;2023-03-12 23:42:24.131540
10;79977;52367;13.45;DEPOSIT;2023-03-12 23:42:24.131627
29;44167;93748;56.15;DEPOSIT;2023-03-12 23:42:24.133376
32;322;73106;65.15;DEPOSIT;2023-03-12 23:42:24.133653
36;1733;30904;736.36;DEPOSIT;2023-03-12 23:42:24.134010
39;26074;74544;58.62;PIX;2023-03-12 23:42:24.134265
42;8818;415;565.83;DEPOSIT;2023-03-12 23:42:24.134500
46;9576;69828;186.77;DEPOSIT;2023-03-12 23:42:24.134832
51;1220;12781;113.51;TED;2023-03-12 23:42:24.135243
61;58670;25827;349.96;DEPOSIT;2023-03-12 23:42:24.136111
63;49715;17099;62.61;PIX;2023-03-12 23:42:24.136269
64;23016;3179;116.19;DEPOSIT;2023-03-12 23:42:24.136362
65;20260;4061;131.88;DEPOSIT;2023-03-12 23:42:24.136455
67;17945;948;76.7;DEPOSIT;2023-03-12 23:42:24.136628
72;5739;936;142.45;PIX;2023-03-12 23:42:24.137050
76;28392;24710;376.35;PIX;2023-03-12 23:42:24.137350
78;3015;76120;14.54;DEPOSIT;2023-03-12 23:42:24.137504
79;52462;251;299.43;DEPOSIT;2023-03-12 23:42:24.137579
80;1763;48603;508.89;PIX;2023-03-12 23:42:24.137654
82;55373;29405;7.71;PIX;2023-03-12 23:42:24.137819
103;84738;85820;724.64;PIX;2023-03-12 23:42:24.139547
110;1642;7583;175.73;TED;2023-03-12 23:42:24.140826
111;36080;24722;425.0;PIX;2023-03-12 23:42:24.140933
112;31432;64783;86.31;TED;2023-03-12 23:42:24.141016
121;10261;21054;612.89;TED;2023-03-12 23:42:24.141689
123;10260;13085;120.22;PIX;2023-03-12 23:42:24.141855
130;59047;38212;137.43;DEPOSIT;2023-03-12 23:42:24.142378
131;37328;29395;478.12;DEPOSIT;2023-03-12 23:42:24.142451
133;50773;15349;339.6;TED;2023-03-12 23:42:24.142599
135;16808;5879;338.25;DEPOSIT;2023-03-12 23:42:24.142746
136;1;364;34.08;TED;2023-03-12 23:42:24.142819
140;1235;59850;355.07;PIX;2023-03-12 23:42:24.143114
149;22296;43955;62.49;DEPOSIT;2023-03-12 23:42:24.143768
150;23575;4311;584.53;TED;2023-03-12 23:42:24.143841
159;49263;48984;0.36;PIX;2023-03-12 23:42:24.144468
160;86537;15310;4.61;DEPOSIT;2023-03-12 23:42:24.144532
171;1279;1604;843.23;PIX;2023-03-12 23:42:24.145288
179;688;9995;342.31;PIX;2023-03-12 23:42:24.145796
181;552;31502;91.29;DEPOSIT;2023-03-12 23:42:24.145921
184;19772;13406;660.87;PIX;2023-03-12 23:42:24.146115
190;663;8168;152.38;PIX;2023-03-12 23:42:24.146473
192;17628;38818;125.96;PIX;2023-03-12 23:42:24.146591
195;4715;1869;177.84;DEPOSIT;2023-03-12 23:42:24.146770
198;21744;75758;621.11;TED;2023-03-12 23:42:24.146951
200;42441;1621;459.92;PIX;2023-03-12 23:42:24.147071
201;5035;61762;320.85;DEPOSIT;2023-03-12 23:42:24.147131
209;11693;8453;19.5;DEPOSIT;2023-03-12 23:42:24.147610
211;7018;40130;42.2;TED;2023-03-12 23:42:24.147729
217;31040;75165;528.31;DEPOSIT;2023-03-12 23:42:24.148108
223;20033;71381;151.08;PIX;2023-03-12 23:42:24.148465
224;22715;20434;253.92;DEPOSIT;2023-03-12 23:42:24.148525
228;4817;2576;125.94;DEPOSIT;2023-03-12 23:42:24.148762
229;2497;55281;688.64;PIX;2023-03-12 23:42:24.148822
230;9475;42368;323.74;DEPOSIT;2023-03-12 23:42:24.148881
232;3736;12976;5.9;DEPOSIT;2023-03-12 23:42:24.148999
233;19606;1988;521.6;PIX;2023-03-12 23:42:24.149057
234;49277;20919;0.69;PIX;2023-03-12 23:42:24.149116
238;759;13973;242.2;TED;2023-03-12 23:42:24.149355
245;42154;19746;324.26;TED;2023-03-12 23:42:24.149772
248;34821;16914;495.91;TED;2023-03-12 23:42:24.149950
249;3506;75502;85.83;TED;2023-03-12 23:42:24.150010
260;9068;44284;52.65;PIX;2023-03-12 23:42:24.150662
265;57098;32443;0.9;PIX;2023-03-12 23:42:24.150957
268;3443;2889;126.39;PIX;2023-03-12 23:42:24.151135
269;63653;5260;567.4;PIX;2023-03-12 23:42:24.151194
270;15703;21995;10.74;DEPOSIT;2023-03-12 23:42:24.151253
271;7446;69600;0.04;PIX;2023-03-12 23:42:24.151312
274;10848;3955;35.27;DEPOSIT;2023-03-12 23:42:24.151499
277;28415;19553;121.72;TED;2023-03-12 23:42:24.151679
281;1497;67827;491.75;TED;2023-03-12 23:42:24.151920
282;18154;38152;316.73;PIX;2023-03-12 23:42:24.151984
285;66976;38;279.76;DEPOSIT;2023-03-12 23:42:24.152211
292;48382;687;49.38;DEPOSIT;2023-03-12 23:42:24.152733
298;889;835;755.14;DEPOSIT;2023-03-12 23:42:24.153182
303;23611;44173;53.9;DEPOSIT;2023-03-12 23:42:24.153552
305;11148;21365;449.2;PIX;2023-03-12 23:42:24.153700
316;7044;31523;191.91;PIX;2023-03-12 23:42:24.154526
320;3771;36003;6.1;PIX;2023-03-12 23:42:24.154829
321;50228;12800;180.37;DEPOSIT;2023-03-12 23:42:24.154904
322;36121;3225;35.68;DEPOSIT;2023-03-12 23:42:24.154980
327;36589;13636;87.87;PIX;2023-03-12 23:42:24.155380
333;42664;36809;253.78;TED;2023-03-12 23:42:24.155832
335;7338;24993;232.43;PIX;2023-03-12 23:42:24.155988
349;8114;2706;301.26;PIX;2023-03-12 23:42:24.157017
351;2419;21518;40.71;PIX;2023-03-12 23:42:24.157199
352;5792;34072;232.55;DEPOSIT;2023-03-12 23:42:24.157276
353;90745;10496;423.8;TED;2023-03-12 23:42:24.157351
361;2488;19086;427.47;PIX;2023-03-12 23:42:24.157934
362;89452;4381;11.28;PIX;2023-03-12 23:42:24.158008
365;1606;91448;97.07;PIX;2023-03-12 23:42:24.158230
369;23198;2704;302.29;DEPOSIT;2023-03-12 23:42:24.158523
372;58689;40368;565.69;DEPOSIT;2023-03-12 23:42:24.158746
374;2366;21663;121.04;PIX;2023-03-12 23:42:24.158892
379;8304;75346;499.93;PIX;2023-03-12 23:42:24.159250
387;49865;21754;7.87;PIX;2023-03-12 23:42:24.159833
389;32416;3362;42.42;DEPOSIT;2023-03-12 23:42:24.159953
391;96852;9568;298.89;TED;2023-03-12 23:42:24.160045
395;71985;43736;41.88;TED;2023-03-12 23:42:24.160306
402;26846;65728;563.2;DEPOSIT;2023-03-12 23:42:24.160618
403;10287;5869;15.0;TED;2023-03-12 23:42:24.160657
412;2785;29939;333.34;TED;2023-03-12 23:42:24.161027
413;38094;41149;393.16;TED;2023-03-12 23:42:24.161066
414;5062;55116;56.41;TED;2023-03-12 23:42:24.161104
425;68145;51918;192.02;PIX;2023-03-12 23:42:24.161524
440;2673;2945;569.89;PIX;2023-03-12 23:42:24.162176
452;27521;26239;293.21;PIX;2023-03-12 23:42:24.162651
454;4064;77532;137.59;PIX;2023-03-12 23:42:24.162727
456;79868;33603;745.18;PIX;2023-03-12 23:42:24.162803
457;8705;7886;3.39;PIX;2023-03-12 23:42:24.162841
459;2178;84161;107.71;PIX;2023-03-12 23:42:24.162916
462;37095;15802;668.72;TED;2023-03-12 23:42:24.163031
464;16944;17674;208.11;DEPOSIT;2023-03-12 23:42:24.163106
477;9860;21386;91.59;PIX;2023-03-12 23:42:24.163610
484;4052;20648;119.8;DEPOSIT;2023-03-12 23:42:24.163890
485;43552;89511;117.47;PIX;2023-03-12 23:42:24.163933
490;1147;363;35.77;DEPOSIT;2023-03-12 23:42:24.164137
491;18450;18745;35.17;PIX;2023-03-12 23:42:24.164186
500;5335;20263;1.4;PIX;2023-03-12 23:42:24.164543
505;668;1629;177.13;DEPOSIT;2023-03-12 23:42:24.164757
512;5361;13226;193.22;TED;2023-03-12 23:42:24.165096
515;20089;72662;68.58;DEPOSIT;2023-03-12 23:42:24.165215
520;9387;27538;350.78;TED;2023-03-12 23:42:24.165416
548;11928;5778;85.94;PIX;2023-03-12 23:42:24.166511
557;41373;6436;454.0;PIX;2023-03-12 23:42:24.166872
563;2848;10388;112.03;PIX;2023-03-12 23:42:24.167101
570;64690;53987;141.9;PIX;2023-03-12 23:42:24.167373
572;2871;140;147.16;PIX;2023-03-12 23:42:24.167451
575;599;49442;2.5;PIX;2023-03-12 23:42:24.167564
580;10509;8698;69.15;DEPOSIT;2023-03-12 23:42:24.167748
583;3994;16948;557.33;DEPOSIT;2023-03-12 23:42:24.167868
587;27588;20156;555.86;TED;2023-03-12 23:42:24.168016
598;30752;47784;48.23;DEPOSIT;2023-03-12 23:42:24.168433
601;7781;24816;137.37;TED;2023-03-12 23:42:24.168542
603;8265;10102;291.62;PIX;2023-03-12 23:42:24.168619
607;16936;30474;288.5;DEPOSIT;2023-03-12 23:42:24.168771
608;43122;60426;160.09;DEPOSIT;2023-03-12 23:42:24.168810
610;6648;8622;288.41;PIX;2023-03-12 23:42:24.168885
616;2783;4913;41.39;DEPOSIT;2023-03-12 23:42:24.169106
631;20641;68675;82.06;PIX;2023-03-12 23:42:24.169700
633;32606;9410;46.34;TED;2023-03-12 23:42:24.169775
640;32951;15863;635.07;PIX;2023-03-12 23:42:24.170035
641;30507;7752;81.92;DEPOSIT;2023-03-12 23:42:24.170071
649;22714;53263;87.11;DEPOSIT;2023-03-12 23:42:24.170386
655;13537;21104;496.33;DEPOSIT;2023-03-12 23:42:24.170607
662;2440;3877;314.08;PIX;2023-03-12 23:42:24.170864
693;2552;42550;2.65;DEPOSIT;2023-03-12 23:42:24.172016
708;60466;29282;13.49;DEPOSIT;2023-03-12 23:42:24.172549
721;22882;469;203.62;PIX;2023-03-12 23:42:24.173013
726;87218;28191;59.83;TED;2023-03-12 23:42:24.173196
728;40277;49124;601.64;DEPOSIT;2023-03-12 23:42:24.173268
735;53213;23222;108.57;DEPOSIT;2023-03-12 23:42:24.173514
740;20921;20360;339.67;TED;2023-03-12 23:42:24.173693
741;45384;12338;253.97;DEPOSIT;2023-03-12 23:42:24.173735
745;35479;5213;298.22;DEPOSIT;2023-03-12 23:42:24.173880
760;14139;25783;270.18;PIX;2023-03-12 23:42:24.174445
780;2839;37508;550.37;TED;2023-03-12 23:42:24.175174
781;7675;1174;125.13;TED;2023-03-12 23:42:24.175215
783;8333;40999;373.63;DEPOSIT;2023-03-12 23:42:24.175289
787;10390;55674;438.76;DEPOSIT;2023-03-12 23:42:24.175430
795;12160;43914;9.18;DEPOSIT;2023-03-12 23:42:24.175780
797;19687;57574;466.96;DEPOSIT;2023-03-12 23:42:24.175857
801;25809;13735;84.3;DEPOSIT;2023-03-12 23:42:24.176001
810;181;2921;57.35;TED;2023-03-12 23:42:24.176324
823;3301;12472;434.43;PIX;2023-03-12 23:42:24.176797
832;57112;195;829.46;TED;2023-03-12 23:42:24.177116
834;22907;10881;142.67;PIX;2023-03-12 23:42:24.177187
843;21600;3711;344.74;PIX;2023-03-12 23:42:24.177524
845;2103;1551;263.37;TED;2023-03-12 23:42:24.177595
854;13851;21129;394.08;DEPOSIT;2023-03-12 23:42:24.177923
856;10321;17467;20.87;DEPOSIT;2023-03-12 23:42:24.177993
857;11745;16210;463.77;PIX;2023-03-12 23:42:24.178028
864;38405;42846;370.93;PIX;2023-03-12 23:42:24.178285
865;13910;11641;205.02;DEPOSIT;2023-03-12 23:42:24.178321
871;26723;4575;365.27;DEPOSIT;2023-03-12 23:42:24.178532
872;4057;105;45.64;DEPOSIT;2023-03-12 23:42:24.178567
873;6189;3305;334.79;TED;2023-03-12 23:42:24.178602
879;59539;18266;480.02;TED;2023-03-12 23:42:24.178815
882;3674;11673;57.42;PIX;2023-03-12 23:42:24.178922
888;82462;48138;46.88;DEPOSIT;2023-03-12 23:42:24.179131
892;31227;16917;87.03;TED;2023-03-12 23:42:24.179271
900;9211;5058;68.56;DEPOSIT;2023-03-12 23:42:24.179556
904;17149;86870;387.4;PIX;2023-03-12 23:42:24.179710
906;8700;47589;74.61;PIX;2023-03-12 23:42:24.179799
909;15387;51594;862.74;TED;2023-03-12 23:42:24.179938
910;9353;71801;351.99;PIX;2023-03-12 23:42:24.180001
921;33269;42198;227.96;PIX;2023-03-12 23:42:24.180492
928;1849;33366;5.35;TED;2023-03-12 23:42:24.180796
930;32801;14292;149.23;DEPOSIT;2023-03-12 23:42:24.180880
933;5142;7161;16.07;PIX;2023-03-12 23:42:24.181006
934;9414;28034;56.32;DEPOSIT;2023-03-12 23:42:24.181048
943;22165;749;186.36;DEPOSIT;2023-03-12 23:42:24.181451
949;51362;56240;84.85;DEPOSIT;2023-03-12 23:42:24.181721
954;4922;17568;289.64;DEPOSIT;2023-03-12 23:42:24.181946
961;21106;35550;714.22;PIX;2023-03-12 23:42:24.182246
962;12770;35955;1.3;TED;2023-03-12 23:42:24.182290
964;12556;6418;185.31;TED;2023-03-12 23:42:24.182380
965;63978;919;320.88;DEPOSIT;2023-03-12 23:42:24.182435
967;14620;11574;99.55;DEPOSIT;2023-03-12 23:42:24.182523
974;22781;8006;269.93;PIX;2023-03-12 23:42:24.182831
977;52595;50514;298.56;TED;2023-03-12 23:42:24.182963
978;7737;22599;87.09;DEPOSIT;2023-03-12 23:42:24.183006
986;931;837;30.02;TED;2023-03-12 23:42:24.183358
